{
	"format_version": "1.8.0",
	"animations": {
		"animation.boule_de_terre": {
			"animation_length": 0.5,
			"bones": {
				"bras gauche": {
					"rotation": {
						"0.0": {
							"vector": [0, 0, 0]
						},
						"0.0417": {
							"vector": [22.5, 0, 0]
						},
						"0.0833": {
							"vector": [72.35832, -7.15102, 2.26708]
						},
						"0.1667": {
							"vector": [112.35832, -7.15102, 2.26708]
						}
					}
				},
				"bras_droit": {
					"rotation": {
						"0.0": {
							"vector": [0, 0, 0]
						},
						"0.4167": {
							"vector": [122.5, -10, 0]
						}
					},
					"position": {
						"0.0": {
							"vector": [0, 0, 0]
						},
						"0.0417": {
							"vector": [0, 0, 1]
						},
						"0.0833": {
							"vector": [0, 0, 3]
						},
						"0.125": {
							"vector": [0, 0, 5]
						},
						"0.25": {
							"vector": [0, 3, 6]
						},
						"0.4167": {
							"vector": [0, 8, 6]
						}
					}
				}
			}
		},
		"animation.asspiration": {
			"animation_length": 0.4167,
			"bones": {
				"bras gauche": {
					"rotation": {
						"0.0": {
							"vector": [-5.18389, 2.78115, 3.11394]
						},
						"0.125": {
							"vector": [-4.95277, -21.27742, 15.18815]
						}
					}
				},
				"bras_droit": {
					"rotation": {
						"0.0417": {
							"vector": [0, 0, 0]
						},
						"0.125": {
							"vector": [-8.06712, 18.71607, -27.58669]
						},
						"0.2083": {
							"vector": [-8.11447, 18.92485, -27.6387]
						}
					},
					"position": {
						"0.0": {
							"vector": [0, 0, 0]
						},
						"0.0833": {
							"vector": [0, 0, -1]
						}
					}
				},
				"tete": {
					"rotation": {
						"0.0833": {
							"vector": [0, 0, 0]
						},
						"0.2083": {
							"vector": [25, 0, 0]
						}
					}
				},
				"jambe_droit": {
					"rotation": {
						"0.0": {
							"vector": [0, 0, 0]
						},
						"0.0833": {
							"vector": [-45, 0, 0]
						},
						"0.1667": {
							"vector": [-30, 0, 0]
						},
						"0.25": {
							"vector": [-40, 0, 0]
						},
						"0.3333": {
							"vector": [-40, 0, 0]
						},
						"0.4167": {
							"vector": [-40, 0, 0]
						}
					}
				},
				"jambe_gauche": {
					"rotation": {
						"0.0": {
							"vector": [0, 0, 0]
						},
						"0.0833": {
							"vector": [-35, 0, 0]
						},
						"0.1667": {
							"vector": [-72.5, 0, 0]
						},
						"0.25": {
							"vector": [-5, 0, 0]
						},
						"0.3333": {
							"vector": [-5, 0, 0]
						},
						"0.4167": {
							"vector": [-5, 0, 0]
						}
					}
				},
				"perssonage": {
					"rotation": {
						"0.0": {
							"vector": [0, 0, 0]
						},
						"0.0833": {
							"vector": [75, 0, 0]
						}
					}
				}
			}
		}
	},
	"geckolib_format_version": 2
}